,text,label
16041,"USA treten in Krieg ein und zerstören wohl die Atomanlagen im Iran. Ein neuer Krieg im Nahen Osten wird unmittelbare Effekte auch bei uns haben - in den Schulen, auf den Straßen, im Netz. Einen Krieg ohne definierte Ziele zu führen, ist verheerend für Menschen in der Region.",
11809,"Vermutlich gut für uns in der EU und für Orban persönlich, aber schlecht für alle Ungar*innen.",
8127,Kleine Erinnerung von Botschafter Makeiev: „In Deutschland ist Wahlkampf. Gleichzeitig kämpft die Ukraine ums Überleben. Wir haben den Krieg nicht gewählt. Aber wir müssen ihn gewinnen.“,
12900,"„Lassen Sie uns für eine gute Schule einstehen und Zusammenhalt stärken. Zeigen wir Mitgefühl, indem wir untereinander zuhören, uns gegenseitig helfen und füreinander da sind. Wir Gedenken in Verbundenheit und tiefstem Mitgefühl.“Sebastian Starke,Schulleiter Gutenberg Gymnasium",
864,Notfallreserve angelegt? Kurbelradio angeschafft? Resilient genug für den Notfall? 1/6,
12354,"Deutsche gehen immer häufiger zu Fuß. Gut, dass die KleiKo, immer am Puls der Zeit, gar nichts zum Fußverkehr im Koalitionsvertrag hat.... /Sarkasmus",
4239,"Das war nicht anders geplant. Wir hatten nur einen einzigen Redeslot. Aber bei (parteiübergreifenden) Gruppenanträgen dürfen alle, die ihn mit eingebracht hatten, ihre Rede zusätzlich zu Protokoll geben (ausser diesen Voraussetzungen ohne Limit). Ich habe von der Chance Gebrauch gemacht.",
12046,"Immer wieder Sachsen-Anhalt. Hoffe, Haseloff und die CDU Sachsen-Anhalt halten demokratischen Kurs.",
17020,"Der #Bahn -Verkehr wächst! Die Daten des Stat. Bundesamtes zeigen folgende Entwicklungen: Rekord im Schienennahverkehr Rekord bei Verkehrsleistung im Fernverkehr der Bahn Weniger Fahrgäste, aber längere Strecken bei Bahn Einflüsse durch #Deutschlandticket und #Homeoffice",
12671,"Ich glaube wirklich, dass ein großes Problem in unserer Demokratie ist, wie wenig Anspruch viel zu viele Wähler:innen des Mitte-Rechts Spektrums an Politik haben. An Personal & Qualität der Inhalte. Aus Frust? Aus Sättigung? Aus Ignoranz? Egal. Sie wählen Mitte-rechts weil sie es immer taten.",
10857,"Die Nachrichten von dem furchtbaren Brand in Kočani in Nordmazedonien sind erschütternd. Menschen, die unbeschwert feiern wollten, wurden brutal aus dem Leben gerissen. Meine Gedanken sind bei den Angehörigen und Freunden der Opfer. Den Verletzten wünsche ich rasche Genesung.",
12597,"Wenn sich der Zustand der Infrastruktur von Schulnote 3 auf 2,8 verbessert, dann spürt man die dafür notwendigen Baustellen stärker als die Verbesserung im Netz.",
3359,"Franziska Brantner & Felix Banaszak sind unsere neuen Vorsitzenden . Robert Habeck ist „Kandidat für die Menschen in Deutschland“, Annalena Baerbock an seiner Seite. Danke an Ricarda Lang & Omid Nouripour! Ich hatte tolle Begegnungen und wertvolle Gespräche. Jetzt geht’s los!",
15425,"Pikant daran: Am 05.03.20, also 4 Tage zuvor, hatte der Covid-Krisenstab inkl. #Spahn beschlossen, dass sich das Innenministerium (!) mit dem Beschaffungsamt um die Masken kümmert. Das Innenministerium war dafür zuständig, hatte Erfahrung; das Gesundheitsministerium aber nicht.",
9499,"Für den rasanten Ausbau der Erneuerbaren Energien. Dafür, dass Du Energiesicherheit in Krisenzeiten geschaffen und das Land gleichzeitig modernisiert hast. Das ist eine große und beeindruckende Leistung. Auch persönlich Danke für unsere Zusammenarbeit in den letzten Jahren. Foto: D. Butzmann (2/2)",
11077,"Es kursiert in der Linkspartei gerade ein offener Brief, der die linken Regierungsmitglieder im Bundesrat aus HB und MV dazu bewegen will, GEGEN die Reform der Schuldenbremsen in Bund und 16 Ländern zu stimmen.",
17673,"Slowenien ist das erste Mitglied der Europäischen Union, das den rechtsextremen israelischen Ministern Bezalel Smotrich und Itamar Ben-Gvir die Einreise verweigert, wegen der Anstachelung zu ""extremer Gewalt und schwerwiegenden Verletzungen der Menschenrechte der Palästinenser"". Richtig so!",
13466,Für mich schon seit langem... Keine Überraschung!,
14160,"Die letzten Tage zeigen, dass wenn Europa und die USA sich abstimmen, sie Putin wirksam unter Druck setzen können. Die Ereignisse rund um Istanbul haben für alle Seiten sichtbar gemacht, wie wenig Interesse er tatsächlich an Friedensverhandlungen hat. #Miosga",
13017,"In Spanien und Portugal ist die Stromversorgung glücklicherweise wiederhergestellt. Atomkraftwerke wurden notgekühlt, um die nukleare Sicherheit zu gewährleisten. Erneut zeigt sich: #Atomkraft kann schnell zum unvorhersehbaren Risiko werden. Gut, dass Deutschland ausgestiegen ist.",
12533,"Milliarden-Subventionen für fossiles Gas, Schlupflöcher bei den Klimazielen, Unsicherheit für Windkraft und erneuerbares Heizen. 100 Mrd. für Klimaschutz sind da. Aber solange das als grüner Erfolg gilt – und nicht als gemeinsame Pflicht aller – läuft es schief.",
12197,"Diese Koalition könnte aus dem Vollen schöpfen, um Deutschland in die Zukunft zu führen. Stattdessen wickelt sie den Fortschritt ab. Es ist schon erschreckend, wie schnell sich die #SPD mit #Merz Richtung gestern wendet. #Koalitionsvertrag",
5061,"du scheinst über den Fall nicht vernünftig informiert zu sein, prüfe deine Quellen. Der Typ kam als Arzt nach Deutschland. Jahre später, als er Asyl bewilligt bekam, war überhaupt nicht erkennbar, dass er weitere Jahre später einmal Gefährder wird. Asyl hätte er als Arzt nicht einmal gebraucht.",
11830,"Crazy. #Grüne sind jetzt wohl die letzten Verteidiger der (ordoliberalen) #Marktwirtschaft. Wo wenige, aber klare und wirksam für alle geltende Regeln einen guten und fairen #Wettbewerb ermöglichen. Das treibt uns an. Und so haben wir auch regiert. #Habeck",
17265,Die Enquete-Kommission muss alle Perspektiven einbeziehen und wissenschaftlich fundiert arbeiten – für eine bessere Vorbereitung auf künftige Krisen UND für den gesellschaftlichen Frieden. (2/2),
16908,Obergrenze für „migrantische Kinder“ an Schulen - trotz Diskriminierungsverbot im Grundgesetz Genderverbot im Ministerium pauschale Verdächtigung von Menschen mit palästinensischen Wurzeln Ministerin #Prien liegt sehr gut im Rennen um die größte Fehlbesetzung im Kabinett.,
3552,"Im Jahr 1992, war der Antifaschist Silvio Meier unterwegs mit 3 Freunden als er am U-Bahnhof Samariterstraße auf 7 erkennbar rechtsextreme Jugendliche traf. Die Neonazis töteten Meier und verletzten seine Freunde lebensgefährlich #silviomeier #nonazis",
4492,Drei Politiker. Die gleiche Zeit. Das gleiche Setting. Das gleiche Thema: #PolitikUndAnstand Danke an .bsky.social und .bsky.social Wichtiges Video!,
2994,"Was in Amsterdam passiert ist, schockiert mich zutiefst. Antisemitische Angriffe sind aufs Schärfste zu verurteilen. Wir müssen alles dafür tun, dass jüdische Menschen auf unseren Straßen sicher sind - in den Niederlanden, in Deutschland, in Europa. In Gedanken bei den Verletzten.",
4522,"zur Einbeziehung aller gesellschaftlicher Gruppen und zum entschiedenen Kampf gegen den IS sein"". 2/2 Mein Interview heute im Deutschlandfunk:",
14135,"65%! Das ist mal ein Ergebnis. Und dann auch noch in Bayern. Herzlichen Glückwunsch an Martin Heilig, erster Grüner Oberbürgermeister in Bayern. Würzburg hat gewählt.",
12064,Tolle Nachrichten Weiter geht‘s mit der #Energiewende!,
9866,"Heute gilt‘s in Hamburg: wählen gehen! Und das Beste: wir haben viele tolle Frauen, die Politik hier mitgestalten: in Altona habt Ihr .bsky.social und Filiz Demirel für -altona.de auf dem Stimmzettel Und landesweit gilt: Herz. Verstand. Fegebank",
66,"Die Gemeinden #Metzingen, #BadUrach und #Dettingen haben jetzt eine Solidaritätspartnerschaft mit der Stadt # Arzys. Das war mir ein Anliegen, denn die Menschen in der Ukraine brauchen Solidarität und Perspektiven. Das macht ihnen Mut und gibt ihnen Kraft. #WeStandWithUkraine",
9727,"Heute nahm ich an einer online Veranstaltung zum Thema #Meinungsfreiheit teil, es gab 1 US Referenten u #PeterMüller, Verfassungsrichter a.A. u MP des Saarlandes a.D. Irgendwann ging es um die Anfrage d Union mit 551 Fragen u Müller sagt tatsächlich: ""Ich bin ein Opa gegen Links"" Ich war sprachlos.",
6753,"Sechs Monate konzentrierte Arbeit sind in den Bericht der CDU/CSU Fraktionsenquete ""Frieden und Sicherheit in &"" geflossen. Mit renommierten Wissenschaftlerinnen & Wissenschaftlern wurde eine umfassende Bedrohungsanalyse erarbeitet. Heute wurde der Bericht durch Friedrich Merz vorgestellt.",
17419,"Bedenken sind ja möglich und grundsätzlich ist es auch legitim die zu äußern. Als Fraktionsvorsitzender ist es seine(!!) Aufgabe zu erfahren, ob die Bedenken so groß sind und bei so vielen auftreten, dass die Mehrheit gefährdet sein könnte. Das hat er nicht rechtzeitig getan, also hat er versagt.",
6252,"Es ist wie so oft: Demokratie ist so gut, wie die Leute, die sie mit Leben füllen. Nicht besser, aber auch nicht schlechter.",
14774,"Außenminister Wadephul trifft Rubio - aber schweigt zu den massiven Angriffen der US-Regierung auf die Wissenschaft. Dass Wadephul stumm blieb, ist ein fatales Signal und zeigt, dass er nicht versteht, warum Trump diesen Kulturkampf führt: Weil Wissenschaft der Feind populistischer Machtlogik ist.",
14836,Bei der Landeszentrale für politische #Bildung #BadenWürttemberg in #Stuttgart über deren Arbeit informiert. Unser Schwerpunkt war das Thema #FakeNews.,
13235,"Wenn ihr Geld für Journalismus habt: kauft euch Abos. Pressefreiheit fängt bei der Freiheit der Journalist:innen an, nicht nach Klickzahlen Recherche machen zu müssen. Einen optimistischen Tag der Pressefreiheit euch allen!",
13186,"Wenig überraschend, aber die Gewissheit ist Rückenwind für weitere Schritte: Der Verfassungsschutz stuft die AfD in einem über 1000 Seiten langen Gutachten als gesichert rechtsextrem ein. #noAfD",
16841,"„Nur privat Nazi“ reicht also, um im Staatsdienst zu bleiben. Ein Polizist hetzt jahrelang rassistisch, antisemitisch, träumt von KZs – und darf zurück an den Schreibtisch. Was muss noch passieren, bis der Staat seine braunen Strukturen ernsthaft bekämpft? taz.de/Rechtsextrem...",
9048,"Rehe fressen junge Bäume und verhindern die Waldverjüngung. Wölfe fressen Rehe und tragen deswegen dazu bei, dass der Wald wieder wächst. Wölfe sind also aktive Klimaschützer. Ist so schwer nicht zu verstehen, oder?",
10370,"Sind die Erhöhung der Pendlerpauschale und die Rückkehr zum subventionierten Agrardiesel ernsthaft die großen Reformprojekte, mit denen Union und SPD die deutsche Wirtschaft wieder in Schwung bekommen möchten? #Sondierungen",
14129,"Was für ein toller Wahlsieg, grünes Comeback kommt über die Kommunen.",
11212,Diktaturen greifen NGOs an. Demokratien sollten das nicht tun. Kleiner Hinweis aus gegebenem Anlass.,
11226,"Ich denke, dass ehemalige Geiseln, die Angehörigen und das Forum der Geisel-Familien das ganz gut einschätzen können:",
14310,"Angesichts der aktuellen Dürre dürfen wir Klimaschutz nicht schwächen. Im Gegenteil: Wir brauchen mehr Engagement für erneuerbare Energien und nachhaltige Lösungen, um unsere Zukunft zu sichern. #klimakrise #energiewende #trockenheit #klimaschutz",
14175,Was mir - neben der Frage des Klimaschutzes - in der Debatte immer zu kurz kommt: In ein paar Jahren wird fossile Wärme durch den ETS II wesentlich teuerer. Auf das kurzfristige Gefühl von „alles bleibt beim Alten“ folgt dann das böse Erwachen. Besonders mit Blick auf soziale Gerechtigkeit fatal.,
5686,"Sie hat es gelöscht, Gut!",
10520,"Meine #KleineAnfrage brachte diese Infos ans Licht, .org schreibt nun darüber - es geht um das Versagen der #BuReg bei der #Nachhaltigkeit ihrer #IT und um 10 Milliarden (!) Euro!",
3291,"Sehr lesenswerte Recherche von Robert Pausch aus der Zeit. Christian Lindner hat mal wieder bewiesen wie kalkuliert, verantwortungslos und selbstgerecht er handelt und damit nicht nur der Koalition, sondern dem ganzen Land schadet.",
3471,Kleiner Lichtblick: Deutschland setzt mit dieser Zusage andere Länder unter Druck ebenfalls Geld für den Fond bereitzustellen. (2/4),
15456,"Unterwegs in Bielefeld und auch hier gefragt nach #Maskenbeschaffung und Verantwortung des damaligen Gesundheitsministers #Spahn. Gesundheitsministerin Warken soll den Sonderbericht zur Maskenbeschaffung dem Parlament jetzt unverzüglich, vollständig und ungeschönt vorlegen. Aufklärung ist nötig.",
10974,Dinge gibt’s …,
1943,"Ein vereitelter Anschlag auf Soldaten ist für mich als zuständige Abgeordnete (Verteidigungsausschuss) vielleicht einfach etwas mehr im Fokus als andere vereitelte Anschläge… denke, das ist auch ok so.",
3196,Sehr starke Rede! Hört sie euch auch unbedingt ganz an:,
18076,"Endlich sind die neuen Elektrotriebzüge da - Diesel ade! Die #Schönbuchbahn schrieb Erfolgsgeschichte: Einst stillgelegt, wurde sie reaktiviert. Fahrgastzahlen stiegen, die Strecke wurde ausgebaut. Nun kommen topmodernen #Züge hinzu. Das wurde in #Böblingen kräftig gefeiert!",
16191,Wir setzen uns ein für die queere Community. Wir kämpfen für eine echte Gleichberechtigung und einen rechtlichen Schutz vor Diskriminierung.,
3744,"Mach ich ja. Dass es denkbar ist liegt an den Fällen, die schon bekannt sind.",
17055,"Gerade deswegen sollte die Anwendung der Todesstrafe kein Teil eines modernen Landes sein, dem Menschen- und #Minderheitenrechte sowie #Pressefreiheit wichtig sind. (4/4)",
13750,"Und wir unterstützen die Regierung, wenn sie an der Seite der Ukraine für Frieden und Sicherheit in Europa steht. Und wir werden sehr deutlich hinschauen und kritisieren, wenn das nicht der Fall ist.",
8473,"Former president of the Truth&Dignity Commission for transitional justice in Tunisia, #SihemBensedrine, has been detained since Aug.2024. After her hunger strike, I’m deeply concerned for her health. I expect the Tunisian authorities to respect the rule of law and protect all #humanrights defenders!",
14946,"Sven Hause, Bürgermeister von Calbe, ist heute zu Besuch bei mir im -bund.bsky.social Gemeinsam haben wir über aktuelle Entwicklungen in meinem Wahlkreis gesprochen. Danke für Deinen Besuch, lieber Sven!",
3907,Politische Pläne als „offene Feldschlacht“ oder #DDay bezeichnen und mit der Zukunft des Landes zocken. Staatspolitische Verantwortungslosigkeit hat einen Namen: #FDP.,
9071,Wir brauchen dringend eine gesamtgesellschaftliche Debatte über wirksame Gegenstrategien und den Schutz von Betroffenen. Dies zeigt zuletzt das neue Rekordhoch rechtsextremer Straftaten im vergangenen Jahr. 3/3,
4796,Friedrich Merz macht sich zum wiederholten Mal über die Lebenssituationen von Menschen mit geringem Einkommen lustig. Zuletzt am Montag in der Debatte zur Vertrauensfrage im Bundestag. Unanständig nennt das nun die Chefin der Caritas. Ich kann ihr da nur zustimmen!,
17312,"Feministische Arbeit gehört ausgezeichnet! Jetzt informieren, nominieren und bewerben:",
12379,"Die arbeitende Mitte wird draufzahlen. Keine Steuersenkungen für kleine u. mittlere Einkommen, keine 15€ Mindestlohn, keine Reform der Mietpreisbremse, kein Klimageld... Merz schrumpft die Mitte u. die SPD macht mit. Diese Ungerechtigkeiten sind Nährboden für die AfD. #Miosga",
16526,"Solidarität ist unsere Waffe für Vielfalt und Demokratie Queere Menschen stehen zunehmend unter Druck: In Deutschland steigen die Hassverbrechen, in Ungarn wird systematisch ausgegrenzt. Gemeinsam gegen Hass, Hetze und Diskriminierung! #CSD2025 #CSD #Queer #DieLinke",
1415,"Wir bieten: Einblicke hinter die Kulissen des Bundestages Ein diverses, dynamisches Team Vergütung in Anlehnung an den TVöD/Bund Jahresurlaub nach Tarif Arbeitsgeräte (Laptop, Handy)",
1142,"Die Regierungskoalition im #Bund hat sich ein #Wahlrecht zu ihrem Vorteil geschnitzt, sie hat einen deutlichen Cut gemacht. • Es ist ein Wahlrecht gegen das Prinzip des direktgewählten Abgeordneten. • Es ist ein Wahlrecht gegen die Opposition im #Bundestag.",
16178,"Was es für eine bessere #Bahn braucht: Ohne zögern sanieren, was marode ist Benötigtes Geld verlässlich bereit stellen Infrastruktur stärker von DB-Holding entflechten",
11699,"Erfolge von Stephan Weils Amtszeit waren der Niedersächsische Weg für mehr Natur-, Arten- & Gewässerschutz, gemeinsam mit Christian Meyer erreichte er einen Rekordzubau erneuerbarer Energien und zusammen mit Julia Hamburg setzte er bessere Arbeitsbedingungen für Lehrer*innen durch.",
5583,"Die Kosten für Betrieb, Personal, Wartung, Instandhaltung, Lagerung etc. sind davon nicht gedeckt, sie werden über den Haushalt finanziert. Das heißt: schon jetzt sind größere neue Investitionen nicht mehr planbar ohne hohe Bindungen für die folgenden Haushalte zu tätigen.",
7718,"Die Linke wurde gestern im #ARDBrennpunkt nicht mal erwähnt, aber Fakt ist, die Linke erholt sich, wird stärker u kommt zurück, gerade wo es am Wichtigsten ist: - 1.151 Neueintritte in 24 Std nach Fall der Brandmauer am Mittwoch - 24.000 seit S. Wagenknecht ging - bald wieder 70.000 Mitglieder!",
16102,"Als Jens Spahn sagte, wir werden uns noch viel verzeihen müssen, meinte er wohl hauptsächlich sich selbst.",
5884,"Die Tatsache, dass die NYT ernsthaft versucht, den Preis von Grönland zu kalkulieren, illustriert sehr schön, wie tief wir in der Scheiße stecken, noch bevor Trump wieder im Weißen Haus eingezogen ist.",
17384,"Bin oft anderer Meinung, aber Hans-Ulrich Jörges bringt es hier bei WELT TV auf den Punkt: „Eigentlich ist der Ruf von Jens Spahn jetzt so beschädigt, dass er gehen sollte"" Jetzt gilt was -hasselmann.de heute sagte: „An alle Frauen in der Republik und hier, wehrt Euch!“",
1418,"Auf X/Twitter berichtet die mutige Journalistin unter direkt aus Cherson, aus der gefährlichen Frontlinie in der Ukraine. Sie hat bereits mit Under the Deadly Skies russische Kriegsverbrechen aufgedeckt. #Followempfehlung – bitte teilen und ihre Berichte in der Welt verbreiten.",
9876,Lies mal bevor du urteilst: bsky.app/profile/sara...,
8918,"-habeck.de bei Bildung on Fire! PISA-Ergebnisse zeigen Gerechtigkeitsproblem - das wir mit dem „Zukunftsinvestitionsprogramm Schule“ lösen wollen. Nach dem Startchancenprogramm, BAföG-Booster & der Ausbildungsgarantie brauchen wir einen weiteren Kraftakt für bessere Bildung! #Quadrell",
11246,Danke für die sehr würdige Gedenkfeier der FDP und der Friedrich-Naumann-Stiftung für Gerhart Baum. Das Video von der Veranstaltung mit allen Reden gibt es hier:,
15981,"Schlimm, dass #CSD -Veranstaltungen für Lebensfreude, #Toleranz und #Akzeptanz inzwischen durch #Polizei abgesichert werden müssen!",
17549,"Was ist mit dieser #Bundesregierung los? Wenn #Blackrot nicht mal eine einfache Frage zum #Klimaschutz rechtzeitig beantworten kann, wie sollen CDU/CSU & SPD dann bitte unsere verbindlichen #Klimaziele einhalten?",
14072,Hier wird am Wochenende weiter gearbeitet ;-)) Arbeiten Tag und Nacht. youtu.be/RUdyqJuJOAs,
3771,"Können wir weiterhin #Autos mit #Verbrennungsmotoren produzieren und trotzdem das #Klima schützen? Ich sprach mit einem Unternehmen, das alternative #Kraftstoffe aus Abfallstoffen herstellt und mit einem Umweltverband - um zwei Meinungen zu hören. 1/2",
10983,Denn klar ist: die starren Schuldenregeln des Grundgesetzes machen Investitionen geradezu unmöglich. Die Schuldenbremse ist schon längst zur Investitionsbremse geworden. Wir wollen eine Reform deshalb bis zum Ende des Jahres umsetzen.,
3275,"Mich würde ja interessieren, was #Putin in dem 1-stündigen Telefonat gesagt hat. Ein einfaches „Njet“ wird‘s nicht gewesen sein. #Ukraine",
8878,"Endspurt! PS: Passt gut auf, es ist rutschig.",
15823,"Corona-spezifischen Kompetenz-Defizite, sondern die Beschaffungs-Basics, die er versemmelt zu haben scheint: Rechtssichere AGBs, zollrechtliche Fragen, die Organisation von Qualitätskontrollen bei eingehender Ware, Haftungsfragen.",
13526,"Das Verbot von Regenbogenflaggen auf der ESC-Bühne ist ein fatales Signal. Dieses Verbot ist eine krasse Provokation gegenüber einer Community, die diesen Wettbewerb immer als Raum der Freiheit und Vielfalt gefeiert und bereichert hat.",
12846,Die Vorhaben? Wohnungsbau voranbringen: 10.000 Genehmigungen pro Jahr Digitalisierung und Entbürokratisierung der Verwaltung Voranbringen der Verkehrswende: Straßenraum zu Busspuren und Radwegen Stärkung des Hafens durch den Ausbau der Bahnverbindung.,
11428,Erste Einblicke in die Koalitionsverhandlungen zeigen: Migrationspolitisch sehen die nächsten 4 Jahre düster aus. Die SPD lässt sich von der Union über den Tisch ziehen. /1,
1632,"Die Regionalstadtbahn Neckar-Alb mit #Reaktivierung der #Bahn-Strecke von #Reutlingen hinauf auf #SchwäbischeAlb macht Fortschritte. Zielzustand: Netz mit Streckenlänge 200 km, davon 38 km neu gebaut & 137 km neu elektrifiziert. Zudem 55 neue Stationen.",
12008,"Heute startet die erste bundesweite Kampagne einer Bundesregierung für die Akzeptanz sexueller und geschlechtlicher Vielfalt! Die Kampagne „Was ist queer?“ macht LSBTIQ* sichtbar, wirbt für Respekt & zeigt, wie jede*r im Alltag Solidarität zeigen kann. Mehr auf wasistqueer.de",
2831,"3) Nach acht Jahren Verhandlungen wurde die Definiton für ökologisch besonders wertvolle Marine Gebiete getroffen, das ist eine wichtige Stärkung des Meeresschutzes!",
3543,"Wir als progressiver Teil der Bevölkerung haben uns zuletzt in der Defensive gefühlt. Lasst uns einander wieder Grund sein, hoffnungsvoll zu sein. Für ein besseres Morgen. #habeck",
13599,Ich schwöre jemand hat Auge gemacht #DieLinke,
419,"afa = Arbeit für alle. Im Kooperationskreis treffen sich kath. Einrichtungen d. Jugendberufshilfe, um sich über Herausforderungen auszutauschen. Herzlichen Dank für den angenehmen Austausch + für die engagierte Arbeit, die junge Menschen auf dem Weg ins Berufsleben unterstützt.",
13895,"Auf die missglückte Kanzlerwahl folgte für die neue Regierung eine Woche des totalen Durcheinanders: Bei den Grenzkontrollen, beim Lieferkettengesetz, bei der Rente - überall fehlt ein gemeinsamer, klarer Kurs. Ob Friedrich Merz es schafft, das in seiner #Regierungserklärung zu sortieren?",
5046,"wer es nicht mitbekommen hatte: biometr. Daten von Tatverdächtigen, Opfern u Zeugen sollten mit sämtl. (!) biometr. Daten im Internet abgeglichen werden. Das verletzt die Grundrechte von allem Menschen mit biometr. Daten im Internet u erfordert eine Kopie sämtlicher Daten im Internet. Völlig irre.",
11879,"Nein, Deutschland wäre sofort auch im Fokus der Angriffe. Wir werden nicht warten bis die Panzer hier sind um uns zu verteidigen.",
9536,Das ist - Geschlechterparität: “Wir tun damit auch den Frauen keinen Gefallen” als Gruppenfoto ausgedrückt. Danke #Union,
6068,"Ich bin tief traurig und erschüttert. Gestern Abend habe ich vom Tod meiner sehr geschätzten Kollegin Stephanie Aeffner erfahren, die viel zu früh von uns gegangen ist. Ihre Stimme für grenzenlose Solidarität und ihr Einsatz für Gerechtigkeit wird unglaublich fehlen.",
6235,"Interessanter Einblick, wer von welcher Partei finanziell wie sehr profitieren würde. Nur 1 Haken, BSW u -linke.de wurden vergessen. Das hat .domscheit-berg.de für Euch gefixt: #finanzpolitik #btw25 #dielinke",
13340,"In diesem Zusammenhang ist es zu begrüßen, wenn das #BAMF die Asylanträge nun weiterbearbeitet. Man hätte zu dieser Einschätzung auch von Anfang an kommen können und die Prüfung der Anträge nicht pausieren müssen. (2/3)",
12613,"Israels Sicherheit wird von allen Seiten bedroht, von Iran, durch die Hisbollah, aus dem Gaza-Streifen. Der Wunsch, gerade nach dem 07. Oktober wieder Kontrolle zu erlangen, verständlich. 1/3",
17482,„Seid Menschen!“ - hat die große Margot Friedländer gesagt. Gerade in Ihren letzten Monaten ihres Lebens hat sie aber auch andere Sätze gesagt: „So hat es damals auch angefangen.“ „Die AfD ist brandgefährlich.“ Und: „Die Demokratie muss lauter werden!“,
9094,Wir müssen den wirtschaftlichen Druck auf Moskau weiter steigern. Das neue #Sanktionspaket der EU ist dabei ein sehr positiver Schritt & umfasst viele wichtige Punkte. Parallel dazu müssen wir auch die militärische Unterstützung für die Ukraine schnellstmöglich deutlich erhöhen.,
15696,"Man stelle sich vor, ein führender Grünen-Politiker wäre in einen vergleichbaren Skandal verwickelt. Die Union stünde mit brennenden Fackeln und Mistgabeln bereit. Wenn noch ein Funken Anstand in dieser Partei steckt, stimmt man einem Untersuchungsausschuss zu!",
15587,"Der Durchschnittspreis lag in Wahrheit über einem Euro. Übrigens: Die Rechnung ist aber auch deswegen irreführend, weil hier FFP-Masken und der sehr viel billigere einfache Mund-Nasen-Schutz in einen Topf geworfen werden - was keinen Sinn macht.",
2447,Unsere und hunderte andere Fragen werden seit Monaten nicht oder inhaltsleer beantwortet.,
12695,Es darf niemals Normalität werden. taz.de/Kriege-und-V...,
12023,"Friedrich Merz hat das #Klimageld im TV-Duell Mio. Menschen versprochen, jetzt will er es beerdigen. Fossiles Heizen u. Tanken werden mit dem Emissionshandel teurer, Entlastung bleibt aus. Täuschen u. teure Preise - nächster Brandbeschleuniger für die AfD. (1/2) regionalheute.de/gruene-warne...",
1800,"Zu den #Grenzkontrollen nur eine Bemerkung von der Seitenlinie: das schafft natürlich absehbar Konflikte zwischen Deutschland und den Nachbarländern. Evtl erhebliche… Wer freut sich noch mal, wenn wir uns in der EU verheddern und zerstreiten? Just saying.",
5552,"Deutschland erreicht 2024 sein #Klimaziel wegen einem Turbo bei den #Erneuerbaren. Doch das #EU-Ziel verfehlen wir noch wegen Verkehr und Gebäuden. Jetzt braucht es mehr Investitionen in E-Mobilität, #Sanierung und #Wärmepumpe, um Europa beim Klimaschutz gerecht zu werden.",
16854,"Das Deutschlandticket ist für viele junge Menschen zu teuer geworden – das zeigt der deutliche Rückgang bei den Abo-Zahlen. Dabei war das Ticket ein großer Erfolg: Es hat Bus und Bahn auch für Auszubildende, Studierende und Menschen mit geringem Einkommen bezahlbar gemacht. (1/3)",
16507,Spahn fordert Atomwaffen für Deutschland: Die Urananreicherungsanlage Gronau ist die einzige kommerzielle Urananreicherungsanlage in Deutschland. Sie liegt zufälligerweise im Münsterland. Und seit 2024 ist Jens Spahn Vorsitzender des CDU-Bezirksverbandes Münsterland.,
14701,"Ich freue mich sehr auf diese neue Aufgabe und über jede Unterstützung, Menschenrechte und humanitäre Hilfe gemeinsam stark zu machen. (12/12)",
5099,Erstes Weihnachten verheiratet habt schöne Tage mit euren Liebsten!,
5801,"Wichtiges Signal aus der Deutschen Bischofskonferenz! Auch Friedrich Merz und die CDU/CSU sollten eine Ergänzung von Artikel 3 Grundgesetz endlich unterstützen, um LSBTIQ* explizit und wirksam vor Diskriminierung zu schützen. katholisch.de/artikel/5874...",
2785,"Frau Wagenknecht und ihre stalinistische Hilfstruppe sind gerade dabei, nach der Linken jetzt auch ihre neugegründete Partei kaputt zu machen.",
4287,"Ja, definitiv ein Punkt. Für jeden Staat gilt aber mindestens eins: wer hat das Gewaltmonopol? Wenn es jemand hatte und dann verliert: kollabiert. Alles, was das Monopol vorher in Frage gestellt hat war eine Infragestellung, aber eben kein erfolgreiches.",
10778,"Weitere wichtige Verbesserungen: • #Klimaneutralität bis 2045 ist Ziel von Investitionen. Der Begriff wird jetzt ins Grundgesetz aufgenommen! • 100 Milliarden fließen in den Klima- und Transformationsfonds, um dringend nötige Investitionen in #Klimaschutz und Infrastruktur zu ermöglichen.",
1237,"Insbesondere die fraktionsübergreifend geforderte Wiederherstellung des kommunalen Vorkaufsrechts bleibt aus. Damit Wohnen bezahlbar und die Städte sozial bleiben, brauchen wir dringend eine aktivere Bodenpolitik und ein starkes kommunales #Vorkaufsrecht.",
39,"Die #Hochwasser |situation in Süddeutschland ist wirklich schrecklich. Meine Gedanken sind bei den Betroffenen und den Einsatzkräften. Jetzt gilt es, sich unterzuhaken und gemeinsam für mehr Schutz vor Katastrophen zu sorgen - für heute aber auch für die Zukunft #Klimakrise",
5123,"Die Erde hat seit der letzten Eiszeit 1/3 ihrer Wälder verloren. Jedes Jahr verschwinden 10 Mio. Hektar durch Abholzung und Brände. Wälder speichern CO₂, sichern Wasserkreisläufe und Artenvielfalt. Ihr Schutz ist Pflicht – für #Klima, Biodiversität und unsere Zukunft.",
12011,"It was really good meeting Brian Mast, Chair of the House Foreign Affairs Committee. We discussed imperialism which goes beyond Ukraine & our commitment to a strong European pillar in NATO. To deter Putin from further aggression we must strengthen & invest in security.",
13301,"Entscheidend wird sein, ob er wirklich für konsequenten Klimaschutz eintritt. Denn in der Vergangenheit ist Schneider vor allem als Blockierer des Kohleausstiegs in Erscheinung getreten. 3/4",
18126,Mein Interview bei Phoenix und Kommentar zum Handelsabkommen EU-USA: Ein besserer Kompromiss war zu diesem Zeitpunkt nicht drin. Die Verhandlungsposition der EU ist einfach nicht stark genug für ein besseres Ergebnis. Ein offener Handelskrieg hätte uns noch viel höhere Wohlstandsverluste gekostet.,
6784,Friedrich Merz hat bei der Vorstellung seines 5-Punkte-Plans wohl vergessen: Kein Kanzler steht über dem Gesetz. Und auch an seine Versprechen zur Nicht-Zusammenarbeit mit der AfD erinnert er sich nicht mehr. Jetzt ist keine Zeit für schwache Nerven . youtube.com/shorts/k_oHJ...,
562,"Der Ehrenpreis der Deutschen Afrika Stiftung geht an Oumar Diallo, Leiter des Afrika-Hauses in Berlin. Er dankt mit dem Sprichwort: ,,Wenn du schnell gehen willst, geh allein. Wenn du weit gehen willst, geh mit anderen."" Herzlichen Glückwunsch!",
349,"Die Europawahl zeigt: Junge Menschen trauen den größeren demokratischen Parteien nicht mehr zu, dass sie ihre Belange kennen. Diese junge Generation ist die vielfältigste die es je gab. Sie eint, dass sie in einer Krisenzeit aufwächst und das Bedürfnis nach Zuversicht hat.",
7709,"„Friedrich Merz hat in dieser Woche das Verhältnis seiner Partei zur AfD neu definiert. Er hat zum ersten Mal mit ihr zusammengewirkt und eine Mehrheit für einen Antrag entstehen lassen. Er hat dann trotz der Möglichkeit, eine Abstimmung aufzuschieben, durchgezogen …“",
226,"Wir müssen zeigen, dass demokratische Politik die Lebensrealität der Menschen spürbar verbessert. Die Menschen wollen ein Land, das funktioniert: gute Schulen, bessere Infrastruktur, mehr Wohlstand. Wir müssen in unsere Zukunft investieren. web.de/magazine/pol...",
7954,Mehr erfahren: mieterbund.de/themen-und-p...,
12682,"Der Herr ist auferstanden. Halleluja! Auf der ganzen Welt feiern Christen heute die Auferstehung Jesu. Als wichtigstes Fest im Kirchenjahr feiern wir, dass der Tod nicht das letzte Wort hat, sondern das #Leben. #FroheOstern #CDUCSU",
13164,Nicht das erste und letzte mal! #Ceasefire,
3625,Jens Spahn stellt Menschen mit #Bürgergeld als privilegiert dar und verdreht damit die Realität: Das Bürgergeld sichert nur das Existenzminimum. Diese Hetze spaltet die Gesellschaft und verletzt die Menschenwürde. Statt Vorurteilen braucht es Lösungen – die bleibt Spahn schuldig.,
3162,Hier der richtige Link Daumen zu dick,
1833,"Die Opposition drückt sich vor ihrer Verantwortung und verlässt den Tisch. Statt rechtskonforme Lösungen zu erarbeiten und die Innere Sicherheit zu stärken, geht es der CDU/CSU schlichtweg um Populismus.",
13802,"60 Jahre #deutsch-israelische Beziehungen sind gerade für uns Deutsche ein großes Geschenk. Deutsche und Israelis betrachten sich heute als Freunde - angesichts der deutschen Schuld an der #Shoah alles andere als eine Selbstverständlichkeit. Ob in Kultur, Wissenschaft, (1/8)",
5826,Loss mer danze #alaaf!,
9471,"Danke für euren unermüdlichen Wahlkampf in diesen eisigen Monaten, danke für eure Stimmen, danke für eure Unterstützung! Ich bin weiterhin mit voller Kraft und Motivation #ImEinsatzFürEuch!",
12397,"Merz hat recht: Die Ukraine braucht #Taurus! Wichtig ist, dass es nicht bei Sonntagsreden bei bleibt, sondern schnell & entschieden gehandelt wird: Logistik & Einsatz vorbereiten Lieferung veranlassen Ausbildung beginnen Nachbeschaffung organisieren",
1941,"In Thüringen wäre taktisches Wählen enorm wichtig gewesen, um zu verhindern, dass die #NoAfD den #Landtag blockieren kann. Nächsten Sonntag wird in #Brandenburg gewählt. Wie taktisches Wählen das Schlimmste verhindern kann, erfahrt ihr hier: taktisch-waehlen.de/brandenburg",
18012,"Der Preis, den die SPD für diese Rückendeckung aufruft, er dürfte groß sein, aber Spahn ist bereit fast jeden Preis zu zahlen. Die Frage ist nur, ob seine Fraktion auch dazu bereit ist. Wir tippen mal angesichts der jüngeren Zeitgeschichte eher auf nein.",
8476,Danke Kevin Da geht ein großer Politiker.,
7085,"Es geht um 11.000 Menschen (von 115.000 Nachzug-Visa). Sie sollen draußen bleiben, statt Familiennachzug endlich zu ermöglichen. Eine Partei, die Familiennachzug beenden und Familien dauerhaft trennen will, sollte nie wieder vom „Schutz der Familie“ reden. #merz #cdu #csu 15/15",
12544,"Friedrich #Merz will Heizen & Tanken teuer machen. In 2027 hunderte € pro Familie. Ohne Entlastung. Wie beim Frosch im Wasser, das langsam wärmer wird, sollen die Preise steigen. Erst unmerklich, irgendwann kocht es. Der rote Teppich für die AfD. Die Gelbwesten grüßen. (1/2)",
15317,"Alternativer Lösungsweg: streiche einfach die Formulierung ""Gemessen an den Zahlen, ist der Rechtsextremismus nach wie vor die größte Gefahr"" aus dem #Verfassungsschutz #Bericht #Dobrindt 2/2",
12400,"Hier ein Beispiel, wie die #Digitalisierung in Deutschland an der #Bürokratie scheitert Die neue Koalition muss das endlich ändern. Wir sollten Digitalisierungsweltmeister werden, nicht Regulierungsweltmeister.",
14869,Die Zurückweisungen an der Grenze sind rechtswidrig. Die Scharade von Dobrindt wird entlarvt. Damit kennt er sich ja aus. Die Bundesregierung muss die Grenzblockaden umgehend beenden. Dieses rechtswidrige Handeln ist verantwortungslos.,
12954,"Auf #Bornholm spüren wir besonders deutlich, dass sich die hybride Bedrohungslage extrem verschärft hat. Unsere offenen und vernetzten Gesellschaften sind verletzlich - wir müssen sie gemeinsam schützen. Die Gespräche heute & morgen werden uns dabei weiter voranbringen. 1/2",
2663,Die lassen ja schon jetzt (fast) niemanden rein! Versuch mal da Mitglied zu werden. Sogar der China-Club in Berlin hat wahrscheinlich mehr Mitglieder….,
17843,Diese ausufernden Mietsubventionen sind das Ergebnis der Politik der CDU - die seit Jahren eine Deckelung der Mieten verhindert und nicht in öffentlichen Wohnungsbau investiert. (2/7),
16716,Im Schengenraum sind solche Maßnahmen an den Grenzen eigentlich eine Ausnahme. Und Merz riskiert mit seinem migrationspolitischen Alleingang eine Eskalationsspirale mit unseren engsten Nachbarn und Partnern.,
14856,CDU und SPD wollen die Landwirtschaft vom CO₂-Preis befreien. Ein Geschenk an die Agrarlobby – zulasten von Klima und Gerechtigkeit. taz.de/Ausnahme-vom...,
7603,Schulen aufgepasst! Noch bis morgen - 1. Februar - können sich Schulen aus ganz Deutschland für die #Juniorwahl anmelden. Bereits über 7.000 Schulen machen bundesweit dieses Jahr mit. Welche Schulen bereits dabei sind & weitere Informationen dazu:,
12585,"Der Osterpfad im Vogtland. Alleine im Hasendorf zeigen sich weit über 200 Hasen in Aktion. Waltersdorf hat sich zum Zentrum von Osterhasen gemausert. Wahrscheinlich soviele Hasen, wie Einwohner ;-))",
12931,"Wir stehen vor der größten Aufgabe, vor der die Menschheit je stand: die Folgen des Klimawandels abzumildern. Und die Regierungschefs, die für diese Menschheit Entscheidungen treffen, investieren mehr und mehr in den größten Klimazerstörer: die Aufrüstung. Das ist an Tragik nicht zu überbieten.",
3,Die deutsche Abhängigkeit von russischem Gas kam nicht von ungefähr. Große Koalitionen und Minister von haben über Jahre geflissentlich die Hinweise und Warnungen unserer Partner ignoriert.,
10110,"Diejenigen anzugehen, die es braucht, um die eigenen Fehler auszubaden Das zeigt die wahnsinnige Konzeptlosigkeit der #Union.",
15204,Der Staat als Beute. Unfassbar.,
2387,"Wir #Grüne sagen ""NEIN"" zu katastrophaler Deregulierung. 23 Verbände unterstützen das. Über Vorhaben wie den #Spekulationsturbo #246e verhandeln wir nur, wenn Mietende in Deutschland die versprochene Sicherheit bekommen.",
5532,"Man nennt es Nützlichkeitsrassismus, Herr #Habeck. Ich erinnere mich gut: Die #Grünen hatten das Photobombing auf den Geflüchtetendemos quasi erfunden. Auf jeder Demo in die erste Reihe gestellt. Aber es passt irgendwie: Hauptsache, sie nützen euch, nicht? web.de/magazine/pol...",
2829,"1) In Kolumbien ist jetzt die COP 16 zu Ende gegangen. Wir haben Zwischenbilanz zur Umsetzung des Weltnaturschutzabkommens von Montreal gezogen und bei mehreren Punkten echte Durchbrüche erreicht. Seit Montreal ist einiges auf den Weg gebracht worden, aber der ist schon noch lang und steinig.",
10028,Ah du entscheidest also was Wissenschaftler:innen in Deutschland denken.,
10201,Entpolitisierung die 378te: Natürlich hat der Munitionsdiebstahl 2018 beim sächsischen MEK etwas mit ‚Nordkreuz‘ zu tun. Untersagt wurden die Trainings bei ‚Baltic Shooters‘ weil Ermittlungen des GBA seit 2017 liefen (eingestellt 2021) und es auch Bezüge im Verfahren zum Schießplatzbetreiber gab.,
14713,Russische Desinfo freut sich. Deutschland kann sich sowas nicht leisten!,
426,"Heute ist Weltflüchtlingstag. Und während die CDU/CSU darüber schwadroniert, dass man Menschen aus der Ukraine das Bürgergeld streichen solle, haben wir bei ""Michael Vogler Orthopädie-Schuhtechnik"" in Dortmund gehört, wie man die Integration Geflüchteter in Arbeit organisiert.",
14850,Wo bleiben denn die konsequente Digitalisierung sowie die Zentralisierung der Prozesse und eine beschleunigte #Anerkennung der Berufsqualifikationen bei der Fachkräfteeinwanderung? Wurde die „Work-and-stay-Agentur“ bereits gegründet? (1/2),
7373,"Bitte schaut euch dieses Video, diese 28 Sek. an! Soeben wurde der von der Union!! eingebrachte Entschließungsantrag angenommen. Der verfassungs- und europarechtlich nicht gedeckt ist. Schaut euch an, wer das feiert. Sie sollten sich schämen, Herr #Merz. Video von Patrick Diekmann",
14980,"In #Ortenau & #Schwarzwald fahren Akkutrieb-#Züge. Ich war in der Werkstatt in #Offenburg, fuhr mit den Zügen und sprach mit Betreiber. Zuverlässigkeit, Beschleunigung, erforderliche Reichweite gut. Positive Rückmeldungen von #Fahrgäste und Personal.",
3707,"""Der Anstieg von Gewalt gegen Frauen ist höchst alarmierend. Wir fordern schnelle Maßnahmen und mehr finanzielle Mittel, um dieses Problem zu bekämpfen. Die Bundesregierung muss ein #Gewalthilfegesetz unverzüglich einbringen… (1/2) #IstanbulKonvention #TaggegenGewaltanFrauen",
12641,"#Spitzensport findet in #Dresden nicht nur auf dem Platz statt, sondern auch auf dem Eis. In ca. einer Stunde starten die Eislöwen Dresden in die #Playoff-Finalserie. Ich wünsche viel Erfolg im Aufstiegskampf und eine erstklassige nächste Saison!",
14460,Die #Mieten in unserem Land sind zu hoch und steigen weiter. Das ist eine enorme Belastung für Millionen & gefährdet den Zusammenhalt. Deshalb bringen wir heute das Faire-Mieten-Gesetz in den #Bundestag. Diese Bundesregierung benötigt dringend Nachhilfe in sozialer Politik.,
15486,"Das Projekt wird von der Projektgesellschaft Stuttgart-Ulm verantwortet, die wiederum nicht bei InfraGO, sondern dem Konzern angesiedelt ist. Das ist Teil des Problems. Die Infrastruktur-Sparte ist nicht für #Stuttgart21 zuständig.",
11214,"Die #AfD ist zersetzt von Rechtsextremen und Verfassungsfeinden. Es wäre falsch, sich als Kandidatin für das Amt der Bundestagspräsidentin in der AfD-Fraktion vorzustellen. Gleichzeitig um Stimmen der Grünen und der AfD werben geht nicht! #Klöckner",
13370,"Merz im ersten Wahlgang durchgefallen. Wenn das so weitergeht, wird die Ampel rückwirkend noch als Hort der Stabilität erscheinen.",
14766,Voraussetzung: Die Struktur muss zur Steuerung passen. Ein verpflichtendes Primärarztsystem ohne Ausbau der Primärversorgung würde in die Überforderung führen – und in Regionen ohne Hausärzt:innen ins Leere laufen.,
6266,Den Account bereue ich ausschließlich selbst.,
7345,"Ja, das war ein Wortbruch von Friedrich #Merz, der zugesagt hatte, keine Zufallsmehrheiten riskieren zu wollen. -hasselmann.de erklärt hier, wie Merz den Tabubruch wissentlich herbei geführt hat. Ein Fehler, mit uns die Verhandlungen & konstruktive Debatte zu scheuen…",
8981,Ja. Sie hat mich aber blockiert. Ich kann also ihre Falschinformationen nicht richtig stellen.,
9000,"Bildung muss auf allen Ebenen Chefsache sein! Denn wer in Schulen investiert, investiert in Zukunft: Die #Bildungswende hat für uns Top-Prio – mit einem Nationalen Bildungspakt & einem „Zukunftsinvestitionsprogramm Bildung“.",
5054,"Aus meinen Erfahrungen im NSU- wie im Breitscheidplatzuntersuchungsausschuss sind schon jetzt so viele Anhaltspunkte für mögliches fehlerhaftes und/oder fragwürdiges Behördenhandeln vorhanden, dass die Aufklärung durch eine parlamentarische Untersuchung angezeigt erscheint.",
15524,"Am Sonntag stehe ich in #Rheinhausen in #Duisburg – auf der Straße, nicht still, sondern laut. Denn hier demonstrieren wir: gegen die #AfD, gegen ihren Hass, gegen ihren völkischen Wahn.",
5147,"Und jetzt wird der Atomstrom (bspw. aus Frankreich) munter importiert, um den Deutschen Versorgungssicherheit vorzugaukeln…",
7628,"Doppelte Niederlage für Merz: Union und FDP stimmten mit der AfD, aber sie erreichten keine Mehrheit. So hat die Brandmauer zu den Rechten Schaden genommen, ohne das Merz in der Sache irgendetwas erreicht hätte.",
8285,"Ich bin am Mittwoch beim IHK Podium im übertragenen Sinne gefragt worden, warum ich -habeck.de als Kanzlerkandidaten unterstütze … meine Kollegin .bsky.social hat das sehr gut zusammengefasst und das #TVDuell zeigt den Unterschied noch einmal deutlich.",
12546,Wie sollen bitte Abgeordnete an die Chatverläufe gekommen sein? Was ist das bitte für ein Verschwörungsmythos?,
2745,"Im Bundestag arbeiten bei der #noAfD Rechtsextreme, die unsere Spielregeln und Steuergeld nutzen, um die Demokratie zu zerstören. Hier muss die Demokratie wehrhafter werden. Wir Demokrat:innen müssen deshalb zusammenstehen und unsere freie und offene Gesellschaft verteidigen!",
13323,Wie naiv kann man sein? Wie sehr kann man Forschungsergebnisse ignorieren? Wie sehr kann man Augen und Ohren verschließen? Linnemann: JA!!!,
3287,"Hallo aus Wiesbaden! Wir starten hier gerade unseren 50. Parteitag – heißt: An diesem Wochenende kommen Menschen aus ganz Deutschland zusammen, wir diskutieren, stimmen über Inhalte ab und starten vor allem jetzt so richtig rein. Denn bis zur BT-Wahl sind es nur noch 100 Tage!",
15340,"Wir müssen davon ausgehen, dass es im Gesundheitsministerium aktuell noch Loseblattsammlungen gibt, mit Unterlagen zu relevanten Maskenbeschaffungen im Corona-Jahr 2020. 1/3 #spahn #SpahnRuecktritt",
13202,"Der Verfassungsschutz stuft die AfD als gesichert rechtsextremistisch ein. Diese rassistische Partei diskriminiert ganze Bevölkerungsgruppen aufgrund ihrer Herkunft. Dass die AfD soviel Zustimmung erhält, bleibt eine Aufgabe für unsere ganze Gesellschaft.",
4509,"Lieber Jens Spahn, lieber Markus Söder, wer von Ihnen möchte gerne ein Atommüllendlager in seinem Wahlkreis - oder wie soll ich ihren rückwärtsgewandten Enthusiasmus für die gefährliche Atomkraft verstehen?",
9233,"Kein Mietenstopp, kein Kündigungsschutz – nichts hat die Ampel für Mieterinnen und Mieter getan. Dabei sind die Mieterinnen und Mieter die Mehrheit in diesem Land. Die ehemaligen Regierungsparteien sollten dafür die Quittung bekommen. (3/4)",
2874,"Wenn Scholz, Habeck und Lindner sich heute treffen, könnten sie doch auch einmal darüber sprechen, wie die Regierung die Ziele des Klimaschutzgesetzes umsetzt.",
11581,"Lawrow spricht von Gesprächen über die Inbetriebnahme von Nord Stream 2 mit USA. Wenn das stimmt, muss Merz der Moskau-Connection in seiner Partei endlich den Stecker ziehen. Wer Milliarden in unsere Verteidigung steckt, darf Putins Kriegskasse nicht mit Gasgeld füllen. Klartext, jetzt.",
3852,Erschließungen von neuen fossilen Lagerstätten für die nächsten Jahrzehnte werden uns aber mit Vollgas in die #Klimakatastrophe rasen lassen. Deshalb: Raus aus der fossilen Abhängigkeit! Den Erneuerbaren gehört die Zukunft!,
12654,"Tech-Milliardäre & Autokraten bauen an einer neuen Oligarchie. Mit einem Ziel: absolute Macht. Diese Allianz gefährdet unsere Demokratie & die soziale Marktwirtschaft. Zeit, die Macht der Tech-Oligarchen zu brechen. Wie? Sagen .bsky.social & ich hier.",
9130,Merz darf hier nicht unerwähnt bleiben,
4224,"Einmal mit #Merz einer Meinung: Keine weitere Verkehrsminister*in von der #CSU Parität fände ich wiederum sehr sinnvoll! Aber das überrascht mich nicht, das er das anders sieht…",
13072,"Anspruch und Wirklichkeit gehen bei der Union komplett auseinander. Statt ""einfach zu machen"" wirkt die Koalition im Parlament unsortiert und planlos. Wir appellieren an die Koalition: Ausschüsse können eingesetzt werden, das Parlament kann arbeiten. Einfach mal machen!",
5904,"Anfang 2024 gab es infolge der enthüllten AfD-Remigrationspläne bundesweit Demos. Deren Funktionäre bestreiten weiter, über Remigration gesprochen zu haben. Nun steht Remigration im Wahlprogramm der Weidel-Truppe. Wer noch zweifelt, was die Neofaschos wollen, hält Hitler auch für einen Kommunisten.",
4860,"Wir verankern die Unabhängigkeit des Bundesverfassungsgerichts im Grundgesetz. Denn wenn der Rechtsstaat angegriffen wird, braucht er eine starke Verteidigung. Demokratie: 1, Antidemokraten: 0.",
13318,"Dass öffentliche Leistungen im Wettbewerb vergeben werden ist eine Selbstverständlichkeit und im Interesse der Bürger/innen, hier auch der Fahrgäste. Ist aus guten Gründen vorgeschrieben. Spannende Fragen sind u. a. Vorgaben für Qualität und Prüfung der Auskömmlichkeit der Angebote.",
4381,"Wir -bundestag.de wollen eine Bahn, die fit für die Zukunft ist, eine Preisgarantie für das Deutschlandticket, und einen ÖPNV, der einfach funktioniert.",
4165,Für FaireMieten & bezahlbaren Wohnraum! Die Mietenden brauchen: Verlängerung der Mietpreisbremse Schluss mit Schlupflöchern wie möbliertem Vermieten Regulierung von Indexmieten Absenkung der Kappungsgrenze Stärkung des qualifizierten Mietspiegels,
16976,"Habe mich vor Ort über den Sachstand für den Bau der Regionalstadtbahn Neckar-Alb informiert! Zwischen #Tübingen, #Reutlingen und #SchwäbischeAlb entsteht schrittweise ein Netz von Eisenbahn- und Stadtbahnangeboten.",
16132,"Und das wiederum deckt sich mit dem, was wir in Gesprächen und Unterlagen darüber erfahren haben, wie er teilweise anscheinend auch an den Beschlüssen des Coronakrisenstabs vorbei oder gegenläufig zu diesen eigenmächtig handelte.",
3040,"Er hat Humor, kann auch mal über sich selbst lachen, kann Fehler wirklich eingestehen und lässt sich zum Nachdenken anregen ohne gleich jegliche eigene Orientierung in Frage zu stellen.",
7648,"Schlimm war es heute im #Bundestag. Die Stimmung zwischen den Parteien war vergiftet und das ist schlecht für die #Demokratie. Wir müssen und werden immer gesprächsbereit sein. Aber klar ist: #Merz muss aufhören, die Gesellschaft in Geiselhaft für sein Zockertum zu nehmen.",
12306,"Gemeinsam mit Wissenschaft und Praxis gilt es, umfassend präventiv in Bildungs-, Sozial- und Jugendarbeit zu investieren, die Jugendhilfe stärken und alle Kinder so vor Gewalt zu schützen.",
8611,"Wo Merz behauptet, den ""Willen der Bevölkerung"" umsetzen zu wollen: bei verschärfter Migrationspolitik. Wo für Merz die Wünsche der Mehrheit keine Rolle spielen: - 80% für die Legalisierung von Abtreibung - 78% für mehr staatliche Investitionen in die Bildung - 70% wollen Reiche stärker besteuern.",
17231,"Das Ergebnis: Technologisches Mittelmaß. Beispiel: Ein Horizon-Projekt zu E-Auto-Batterien. Statt neue Verfahren zu erforschen, beschränkt es sich von Anfang an auf bekannte Technologien.",
2863,Zur heutigen Konferenz #DerOsten des Tagesspiegel gibts auch einen #Livestream. Das hervorragend besetzte Programm gibt es hier: /1,
7437,"Zu glauben, Putin würde für Gasexporte seine Ziele in der #Ukraine aufgeben, ist absurd. Er war es, der Lieferungen über #NordStream1 gedrosselt hat. Statt neues Pipeline-Gas zu importieren, sollten wir lieber endlich von LNG-Gas loskommen, das auf Rekordniveau nach kommt!",
3402,"Nicht mehr ganz neu hier, schon lange genug um zu wissen, dass man sich die # hier sparen kann. Aber gerade wieder etwas aktiver. Welcome.",
11055,"Der israelische Bruch der Waffenruhe ist ein schwerer Schlag für #Gaza, der jegliche Perspektive & Fortschritte der letzten Wochen untergräbt und zunichte macht. Die hohe Zahl der Verletzten und Toten entsetzen mich.(1/2)",
242,"Sie schaffen Orte, an denen Menschen zusammenkommen und die Freude am Sport teilen. Das hält uns zusammen, das macht uns stark. Beste Voraussetzungen für die anstehende #Europameisterschaft! (2/2)",
799,"Alle #Kinder in diesem Land werden mehr bekommen: Wir erhöhen das Kindergeld und den Kindersofortzuschlag um 5 Euro. Wir stellen die Kita-Finanzierung mit 2 Mrd. Euro auf sichere Füße. Es sind gerade die Schwächsten in unserer Gesellschaft, die eine stärkere Unterstützung brauchen. (2/5)",
7588,"Bitte helft alle mit, dass dieses Video geteilt wird! Jede*r muss das sehen! Bitte teilen und auch in die WhatsApp-Gruppen eurer Familien teilen. #Unanständig #NieWiederIstJetzt #Brandmauer",
10601,"Die Spins werden immer absurder. Und die aus SPD-Kreisen nicht weniger als die aus Unions-Kreisen. Ihr habt nicht mal die komplette Unterstützung eurer eigenen Parteien, vielleicht müsste man doch mal den eigenen Vorschlag schlicht und ergreifend verbessern oder halt in den Müll werfen.",
4174,"Hallo .bsky.social, Es gibt dazu einen Antrag, der eingereicht ist und den Sie hier abrufen können: dserver.bundestag.de/btd/20/137/2...",
4602,Flood the zone with love,
9734,"Manchmal schaue ich neidvoll nach Österreich Manchmal. Dort können Abgeordnete in parlamentarischen Anfragen aus Unterlagen zitieren, die ihnen vorliegen. Im Bundestag undenkbar. Hier muss man immer eine öffentliche Quelle angeben und auch dann gibt es oft ellenlange Diskussionen mit der Verwaltung.",
6214,"Scholz bedient sich billiger Winkeladvokatentricks, um der Ukraine weitere Unterstützung bei der Luftverteidigung vorzuenthalten. Das ist dem Ernst der Lage nicht angemessen. Diese Lieferungen sind dringend notwendig zum Schutz zivilen Lebens in der Ukraine. #Illner",
14737,Es gibt mal wieder was auf die Ohren . Ein Podcast mit Ein-und Ausblicken in meine Arbeit. milchundkultur.podigee.io/145-neue-epi...,
1445,"Besuch bei #Bus- Unternehmen im #Hohenlohekreis und Gespräch über E-Busse, deren Förderung, Technologie-Entwicklung und Strom-Netze. Fahrer und Fahrgäste nutzen die batterieelektrischen #Busse wegen ihrer ruhigen Fahrweise gerne.",
15603,"RND.de Bundestagsvizepräsident Bodo Ramelow hat eine bedrohliche E-Mail bekommen. „Wir werden Dich töten"", heißt es darin unter anderem. Der Linken-Politiker mahnt Konsequenzen an.",
6010,Wir setzen uns dafür mit aller Kraft ein. Andere setzen mit ihren Antworten von gestern die Zukunftsfähigkeit unseres Landes aufs Spiel. 2/2,
1831,"Die Bürger*innen können sich auf die zentrale Absicherung gegen die großen Lebensrisiken Alter, Krankheit, Pflegebedürftigkeit und Arbeitslosigkeit weiter verlassen.",
6038,"Das 9.000ste Mitglied hat noch kein Begrüßungsgeschenk bekommen. Macht mal Vorschläge für ein nicht teures, aber cooles linkes Präsent! Worüber würdet ihr euch freuen?",
13942,Der Auftritt von #Merz war eine Lesestunde und keine Regierungserklärung. Lustlos hat er Stichpunkte aus dem Koalitionsvertrag vorgetragen - blutleer und ohne jede Leidenschaft. Keine Antworten auf die drängendsten Fragen unserer Zeit. #bundestag,
12880,"Starkes Signal: Auch die #Integrationsministerkonferenz fordert die Bundesregierung auf, endlich Wort zu halten und die Aufnahmezusagen für gefährdete Afghan*innen umzusetzen. Es geht dabei nicht (nur) um Verantwortung, sondern um rechtsstaatliche Pflicht. #Afghanistan",
8319,".bsky.social mein Fazit beim #TV-Duell: Olaf Scholz hat klar gewonnen. In Fakten, Programm, Stil wie Vetrauenswürdigkeit. .bsky.social",
4063,Die Fälle häufen sich. Wir müssen unsere kritische Infrastruktur besser schützen. Der Handlungsbedarf ist enorm. Die Union muss ihre Blockade in dieser Frage beenden und das Kritis-Dachgesetz im #Bundestag unterstützen.,
10458,"Der Begriff ist tatsächlich sehr kalter Krieg Sprech. Im Englischen ist es aber noch schlimmer: total defence. Dann lieber Gesamtverteidigung… Dahinter steht der Gedanke, dass, sollte es zu einem Angriff auf Land oder Bündnis kommen, auch die inneren Gegebenheiten entscheidend sein werden.",
2454,"Während Sitzungswochen immer sehr ähnlich aussehen, werden sitzungsfreie Wochen individuell gestaltet und sehen sehr unterschiedlich aus. Exemplarisch hatte ich mal eine solche dargestellt:",
12888,"Thüringens Burgen und Schlösser sind mehr als Zeugnisse der Geschichte, sie sind lebendige Orte der Kultur und Begegnung. Danke an alle, die sie mit Herzblut bewahren.Mein gestrigen Besuch des „Halbes Schloss“ in Langenleuba im Altenburger Land: halbes-schloss.de",
12741,#CDUCSU #SPD lenken mit Aussagen zu #Magnetschwebebahn von nötigen Entscheidungen zugunsten #Bahn & #ÖPNV ab: Für isolierte System wie #Transrapid wird´s kaum sinnvolle Verwendungen geben. Vielmehr muss bewährtes bestehendes System ausgebaut werden. 1/2,
16397,"Lohnt nicht, glaube ich.",
12082,Mit dem neuen Straßenverkehrsgesetz ist deutlich mehr möglich für die Sicherheit in unseren Orten. Pfaffenhofen geht mit gutem Beispiel voran! #ImEinsatzFürEuch,
7300,"Die Verantwortung dafür trägt Friedrich Merz und die Unionsfraktion. Nicht nur hat Merz sein Wort gebrochen („keine Zusammenarbeit mit der AfD“), sondern auch einen demokratischen Konsens, der die Zusammenarbeit mit den Verächtern unserer freiheitlichen Demokratie ausschließt. [3/6]",
914,"meine Kindheit war im Kreis Strausberg... Am 28.7. wird mein Papa 90, dann bin ich wieder in der Gegend. Mal gucken, ob ich eins finde!",
16657,5/7 Gleichzeitig drängt Dänemark auf Fortschritt bei der EU-Erweiterung. Die Ukraine hat geliefert – jetzt soll das erste Verhandlungspaket geöffnet werden. Nur ein Land blockiert: Ungarn. Dänemark will den Druck erhöhen.,
